<favourites>
	<favourite name="EuroSport 1" thumb="special://home/addons/plugin.video.bob/icon.png">PlayMedia(&quot;plugin://plugin.video.bob/?action=play&amp;url=http%3A%2F%2Fesioslive6-i.akamaihd.net%2Fhls%2Flive%2F202874%2FAL_P_ESP1_INTER_ENG%2Fplaylist_1800.m3u8&amp;content=0&amp;sf_options=fanart%3Dhttp%3A%2F%2Fnorestrictions.club%2Fnorestrictions.club%2Fcosta%2Fart%2Ffanart.jpg%26winID%3D10001%26_options_sf&quot;)</favourite>
	<favourite name="Tennis" thumb="special://home/addons/plugin.video.bob/icon.png">PlayMedia(&quot;plugin://plugin.video.bob/?action=play&amp;url=http%3A%2F%2Fwww.filmon.com%2Fchannel%2Ffilmon-tennis&amp;content=0&amp;sf_options=fanart%3Dhttp%3A%2F%2Fnorestrictions.club%2Fnorestrictions.club%2Fcosta%2Fart%2Ffanart.jpg%26winID%3D10001%26_options_sf&quot;)</favourite>
	<favourite name="Snooker Legends" thumb="special://home/addons/plugin.video.bob/icon.png">PlayMedia(&quot;plugin://plugin.video.bob/?action=play&amp;url=http%3A%2F%2Fwww.filmon.com%2Fchannel%2Fsnooker-legends&amp;content=0&amp;sf_options=fanart%3Dhttp%3A%2F%2Fnorestrictions.club%2Fnorestrictions.club%2Fcosta%2Fart%2Ffanart.jpg%26winID%3D10001%26_options_sf&quot;)</favourite>
	<favourite name="NBC GOLF HD" thumb="special://home/addons/plugin.video.bob/icon.png">PlayMedia(&quot;plugin://plugin.video.bob/?action=play&amp;url=http%3A%2F%2Ftvegolf-i.Akamaihd.net%2Fhls%2Flive%2F218225%2Fgolfx%2F2596k%2Fprog.m3u8%7CX-Forwarded-For%3D66.171.228.102&amp;content=0&amp;sf_options=fanart%3Dhttp%3A%2F%2Fnorestrictions.club%2Fnorestrictions.club%2Fcosta%2Fart%2Ffanart.jpg%26winID%3D10001%26_options_sf&quot;)</favourite>
	<favourite name="Sky Sports 1" thumb="http://tv.solidiptv.com:25461/images/loogo/skysp1.png">PlayMedia(&quot;plugin://plugin.video.ZemTV-shani/?url=bmV0d29ya3R2MjoyOTky&amp;mode=11&amp;name=Sp%3A+sky+sports+1+%28uk%29&amp;sf_options=winID%3D10001%26_options_sf&quot;)</favourite>
	<favourite name="Sky Sports News HD" thumb="http://tv.solidiptv.com:25461/images/loogo/skyspnewshd.png">PlayMedia(&quot;plugin://plugin.video.ZemTV-shani/?url=bmV0d29ya3R2MjoyODM1&amp;mode=11&amp;name=Sp%3A+sky+sports+news+hd+%28uk%29&amp;sf_options=winID%3D10001%26_options_sf&quot;)</favourite>
	<favourite name="BT Sports 1 HD" thumb="http://tv.solidiptv.com:25461/images/loogo/btsports1hd.png">PlayMedia(&quot;plugin://plugin.video.ZemTV-shani/?url=bmV0d29ya3R2MjoyMTI%3D&amp;mode=11&amp;name=Sp%3A+bt+sports+1+hd+%28uk%29&amp;sf_options=winID%3D10001%26_options_sf&quot;)</favourite>
</favourites>