<favourites>
	<favourite name="Al Jazeera | TVPlayer" thumb="https://assets.tvplayer.com/common/logos/256/Inverted/146.png">PlayMedia(&quot;plugin://plugin.video.sanctuary/?url=146&amp;mode=1202&amp;name=Al+Jazeera+%7C+TVPlayer&amp;sf_options=fanart%3Dspecial%3A%2F%2Fhome%2Faddons%2Fplugin.video.sanctuary%2Ffanart.jpg%26winID%3D10001%26_options_sf&quot;)</favourite>
	<favourite name="BBC News | FilmOn" thumb="https://assets.tvplayer.com/common/logos/256/Inverted/111.png">PlayMedia(&quot;plugin://plugin.video.sanctuary/?url=https%3A%2F%2Fwww.filmon.com%2Ftv%2Fbbc-news&amp;mode=1201&amp;name=BBC+News+%7C+FilmOn&amp;sf_options=fanart%3Dspecial%3A%2F%2Fhome%2Faddons%2Fplugin.video.sanctuary%2Ffanart.jpg%26winID%3D10001%26_options_sf&quot;)</favourite>
	<favourite name="BBC Two | TVPlayer" thumb="https://assets.tvplayer.com/common/logos/256/Inverted/90.png">PlayMedia(&quot;plugin://plugin.video.sanctuary/?url=90&amp;mode=1202&amp;name=BBC+Two+%7C+TVPlayer&amp;sf_options=fanart%3Dspecial%3A%2F%2Fhome%2Faddons%2Fplugin.video.sanctuary%2Ffanart.jpg%26winID%3D10001%26_options_sf&quot;)</favourite>
	<favourite name="Channel 4 | TVPlayer" thumb="https://assets.tvplayer.com/common/logos/256/Inverted/92.png">PlayMedia(&quot;plugin://plugin.video.sanctuary/?url=92&amp;mode=1202&amp;name=Channel+4+%7C+TVPlayer&amp;sf_options=fanart%3Dspecial%3A%2F%2Fhome%2Faddons%2Fplugin.video.sanctuary%2Ffanart.jpg%26winID%3D10001%26_options_sf&quot;)</favourite>
	<favourite name="Channel 5 | TVPlayer" thumb="https://assets.tvplayer.com/common/logos/256/Inverted/93.png">PlayMedia(&quot;plugin://plugin.video.sanctuary/?url=93&amp;mode=1202&amp;name=Channel+5+%7C+TVPlayer&amp;sf_options=fanart%3Dspecial%3A%2F%2Fhome%2Faddons%2Fplugin.video.sanctuary%2Ffanart.jpg%26winID%3D10001%26_options_sf&quot;)</favourite>
	<favourite name="Dave | TVPlayer" thumb="https://assets.tvplayer.com/common/logos/256/Inverted/300.png">PlayMedia(&quot;plugin://plugin.video.sanctuary/?url=300&amp;mode=1202&amp;name=Dave+%7C+TVPlayer&amp;sf_options=fanart%3Dspecial%3A%2F%2Fhome%2Faddons%2Fplugin.video.sanctuary%2Ffanart.jpg%26winID%3D10001%26_options_sf&quot;)</favourite>
	<favourite name="E4 | FilmOn" thumb="http://herovision.x10host.com/freeview/e4.png">PlayMedia(&quot;plugin://plugin.video.sanctuary/?url=https%3A%2F%2Fwww.filmon.com%2Ftv%2Fe4&amp;mode=1201&amp;name=E4+%7C+FilmOn&amp;sf_options=fanart%3Dspecial%3A%2F%2Fhome%2Faddons%2Fplugin.video.sanctuary%2Ffanart.jpg%26winID%3D10001%26_options_sf&quot;)</favourite>
	<favourite name="ITV1 | TVPlayer" thumb="https://assets.tvplayer.com/common/logos/256/Inverted/204.png">PlayMedia(&quot;plugin://plugin.video.sanctuary/?url=204&amp;mode=1202&amp;name=ITV1+%7C+TVPlayer&amp;sf_options=fanart%3Dspecial%3A%2F%2Fhome%2Faddons%2Fplugin.video.sanctuary%2Ffanart.jpg%26winID%3D10001%26_options_sf&quot;)</favourite>
	<favourite name="More4 | FilmOn" thumb="http://herovision.x10host.com/freeview/more4.png">PlayMedia(&quot;plugin://plugin.video.sanctuary/?url=https%3A%2F%2Fwww.filmon.com%2Ftv%2Fmore4&amp;mode=1201&amp;name=More4+%7C+FilmOn&amp;sf_options=fanart%3Dspecial%3A%2F%2Fhome%2Faddons%2Fplugin.video.sanctuary%2Ffanart.jpg%26winID%3D10001%26_options_sf&quot;)</favourite>
	<favourite name="Sky News | YouTube" thumb="http://herovision.x10host.com/freeview/skynews.png">PlayMedia(&quot;plugin://plugin.video.sanctuary/?url=https%3A%2F%2Fwww.youtube.com%2Fwatch%3Fv%3Dy60wDzZt8yg&amp;mode=1201&amp;name=Sky+News+%7C+YouTube&amp;sf_options=fanart%3Dspecial%3A%2F%2Fhome%2Faddons%2Fplugin.video.sanctuary%2Ffanart.jpg%26winID%3D10001%26_options_sf&quot;)</favourite>
	<favourite name="BBC One | TVPlayer" thumb="https://assets.tvplayer.com/common/logos/256/Inverted/89.png">PlayMedia(&quot;plugin://plugin.video.sanctuary/?url=89&amp;mode=1202&amp;name=BBC+One+%7C+TVPlayer&amp;sf_options=fanart%3Dspecial%3A%2F%2Fhome%2Faddons%2Fplugin.video.sanctuary%2Ffanart.jpg%26winID%3D10001%26_options_sf&quot;)</favourite>
</favourites>