<?xml version="1.0" encoding="utf-8"?><shortcuts>
	<shortcut>
		<defaultID>x1101</defaultID>
		<label>Movie Night</label>
		<label2>Custom item</label2>
		<icon>special://skin/extras/icons/film.png</icon>
		<thumb>special://profile/addon_data/script.skinshortcuts/skin.eminence.2-thumb-x1101.png</thumb>
		<action>ActivateWindow(1108)</action>
	</shortcut>
	<shortcut>
		<defaultID>x1102</defaultID>
		<label>TV Series</label>
		<label2>Custom item</label2>
		<icon>special://skin/extras/icons/tv.png</icon>
		<thumb>special://profile/addon_data/script.skinshortcuts/skin.eminence.2-thumb-x1102.png</thumb>
		<action>ActivateWindow(1107)</action>
	</shortcut>
	<shortcut>
		<defaultID>livetv</defaultID>
		<label>$SKIN[31015|skin.eminence.2|Live TV]</label>
		<label2>Custom item</label2>
		<icon>special://skin/extras/icons/livetv.png</icon>
		<thumb>special://profile/addon_data/script.skinshortcuts/skin.eminence.2-thumb-livetv.png</thumb>
		<action>ActivateWindow(1106)</action>
	</shortcut>
	<shortcut>
		<defaultID/>
		<label>Sport</label>
		<label2>Custom item</label2>
		<icon>DefaultShortcut.png</icon>
		<thumb>special://profile/addon_data/script.skinshortcuts/skin.eminence.2-thumb-Sport.png</thumb>
		<action>ActivateWindow(1105)</action>
	</shortcut>
	<shortcut>
		<defaultID>music</defaultID>
		<label>2</label>
		<label2>Custom item</label2>
		<icon>special://skin/extras/icons/songs.png</icon>
		<thumb>special://profile/addon_data/script.skinshortcuts/skin.eminence.2-thumb-music.png</thumb>
		<action>ActivateWindow(1104)</action>
	</shortcut>
	<shortcut>
		<defaultID>videos</defaultID>
		<label>Favouites</label>
		<label2>Custom item</label2>
		<icon>special://skin/extras/icons/video-addons.png</icon>
		<thumb>special://profile/addon_data/script.skinshortcuts/skin.eminence.2-thumb-videos.png</thumb>
		<action>ActivateWindow(Programs,&quot;plugin://plugin.program.super.favourites&quot;,return)</action>
	</shortcut>
	<shortcut>
		<defaultID>weather</defaultID>
		<label>8</label>
		<label2>Common Shortcut</label2>
		<icon>special://skin/extras/icons/sun.png</icon>
		<thumb>special://profile/addon_data/script.skinshortcuts/skin.eminence.2-thumb-weather.png</thumb>
		<action>ActivateWindow(Weather)</action>
	</shortcut>
	<shortcut>
		<defaultID/>
		<label>Tools</label>
		<label2>Custom item</label2>
		<icon>DefaultShortcut.png</icon>
		<thumb>special://profile/addon_data/script.skinshortcuts/skin.eminence.2-thumb-Tools.png</thumb>
		<action>ActivateWindow(1109)</action>
	</shortcut>
</shortcuts>