<?xml version="1.0" encoding="utf-8"?><shortcuts>
	<shortcut>
		<defaultID/>
		<label>cCloud</label>
		<label2>Custom item</label2>
		<icon>DefaultShortcut.png</icon>
		<thumb>special://profile/addon_data/script.skinshortcuts/skin.eminence.2-thumb-cCloud.png</thumb>
		<action>ActivateWindow(Videos,&quot;plugin://plugin.video.ccloudtv/?url=sports&amp;mode=52&amp;name=%5BCOLOR+white%5DSports%5B%2FCOLOR%5D&amp;iconimage=%2Fstorage%2Femulated%2F0%2FAndroid%2Fdata%2Forg.xbmc.kodi%2Ffiles%2F.kodi%2Faddons%2Fplugin.video.ccloudtv%2Fresources%2Ficons%2F%2Fsports.png&quot;,return)</action>
	</shortcut>
	<shortcut>
		<defaultID/>
		<label>DC Sports</label>
		<label2>Custom item</label2>
		<icon>DefaultShortcut.png</icon>
		<thumb>special://profile/addon_data/script.skinshortcuts/skin.eminence.2-thumb-DC Sports.png</thumb>
		<action>ActivateWindow(Videos,&quot;plugin://plugin.video.DCSports/?url=https%3A%2F%2Fgoo.gl%2FpmE3Ap&amp;mode=1&amp;name=Live+UK+Sports+Channels&amp;fanart=http%3A%2F%2Fi.imgur.com%2FzTpruoy.png&quot;,return)</action>
	</shortcut>
	<shortcut>
		<defaultID/>
		<label>Maverick</label>
		<label2>Custom item</label2>
		<icon>DefaultShortcut.png</icon>
		<thumb>special://profile/addon_data/script.skinshortcuts/skin.eminence.2-thumb-Maverick.png</thumb>
		<action>ActivateWindow(Videos,&quot;plugin://plugin.video.MaverickTV/?url=http%3A%2F%2F164.132.106.213%2Fdata%2Fsports%2Fsports.txt&amp;mode=1&amp;name=%5BCOLOR+lime%5D%5BB%5DMaverick+Sports%5B%2FB%5D%5B%2FCOLOR%5D&amp;fanart=http%3A%2F%2Fwww.mrwallpaper.com%2Fwallpapers%2Fcamp-nou-evening-1920x1080.jpg&quot;,return)</action>
	</shortcut>
	<shortcut>
		<defaultID/>
		<label>Oblivion</label>
		<label2>Custom item</label2>
		<icon>DefaultShortcut.png</icon>
		<thumb>special://profile/addon_data/script.skinshortcuts/skin.eminence.2-thumb-Oblivion.png</thumb>
		<action>ActivateWindow(Videos,&quot;plugin://plugin.video.sanctuary/?url=http%3A%2F%2Fpastebin.com%2Fraw%2Fjt4xbSEN&amp;mode=1101&amp;name=%5BCOLORgreen%5D%5BB%5DON+LINE%5B%2FB%5D%5B%2FCOLOR%5D%5BCOLORdeepskyblue%5D%5BB%5D+Oblivion+Sports+TV%5B%2FB%5D%5B%2FCOLOR%5D&amp;fanart=%2Fstorage%2Femulated%2F0%2FAndroid%2Fdata%2Forg.xbmc.kodi%2Ffiles%2F.kodi%2Faddons%2Fplugin.video.sanctuary%2Ffanart.jpg&quot;,return)</action>
	</shortcut>
	<shortcut>
		<defaultID/>
		<label>Phoenix</label>
		<label2>Custom item</label2>
		<icon>DefaultShortcut.png</icon>
		<thumb>special://profile/addon_data/script.skinshortcuts/skin.eminence.2-thumb-Phoenix.png</thumb>
		<action>ActivateWindow(Videos,&quot;plugin://plugin.video.phstreams/?action=xdirectory&amp;url=%24doregex%5Bdir%5D%7Cregex%3D61593bf27b23e1f079447466c303c9c6&amp;content=addons&quot;,return)</action>
	</shortcut>
	<shortcut>
		<defaultID/>
		<label>Sanctuary</label>
		<label2>Custom item</label2>
		<icon>DefaultShortcut.png</icon>
		<thumb>special://profile/addon_data/script.skinshortcuts/skin.eminence.2-thumb-Sanctuary.png</thumb>
		<action>ActivateWindow(Videos,&quot;plugin://plugin.video.sanctuary/?url=http%3A%2F%2Ftombraiderbuilds.co.uk%2Faddon%2Fsportschannels%2Fsportschannels.txt&amp;mode=1101&amp;name=%5BB%5D%5BCOLORblue%5DSPORTS+ZONE%5B%2FB%5D%5B%2FCOLOR%5D&amp;fanart=http%3A%2F%2Ftombraiderbuilds.co.uk%2FBackgrounds%2FTombRaiderMoviesBackground.jpg&quot;,return)</action>
	</shortcut>
	<shortcut>
		<defaultID/>
		<label>Supremacy</label>
		<label2>Custom item</label2>
		<icon>DefaultShortcut.png</icon>
		<thumb>special://profile/addon_data/script.skinshortcuts/skin.eminence.2-thumb-Supremacy.png</thumb>
		<action>ActivateWindow(Videos,&quot;plugin://plugin.video.supremacy/?url=http%3A%2F%2Fstephen-builds.uk%2Fsupremacy%2FSport%2Fsport.txt&amp;mode=1&amp;name=%5BCOLOR+red%5DSport%5B%2FCOLOR%5D&amp;fanart=http%3A%2F%2Fwww.stephen-builds.co.uk%2Fwizard%2Ffanart12.jpg&quot;,return)</action>
	</shortcut>
	<shortcut>
		<defaultID/>
		<label>UK Turks</label>
		<label2>Custom item</label2>
		<icon>DefaultShortcut.png</icon>
		<thumb>special://profile/addon_data/script.skinshortcuts/skin.eminence.2-thumb-UK Turks.png</thumb>
		<action>ActivateWindow(Videos,&quot;plugin://plugin.video.ukturk/?url=http%3A%2F%2Fukturk.offshorepastebin.com%2FUKTurk%2FSportsList.txt&amp;mode=1&amp;name=Sports&amp;description=&amp;fanart=C%3A%5CUsers%5CTony%5CAppData%5CRoaming%5CKodi%5Caddons%5Cplugin.video.ukturk%5Cfanart.jpg&amp;iconimage=http%3A%2F%2Fukturk.offshorepastebin.com%2FUKTurk%2Fthumbs%2Fnew%2FUk%2520turk%2520thumbnails%2520sports.jpg&quot;,return)</action>
	</shortcut>
	<shortcut>
		<defaultID/>
		<label>Zem</label>
		<label2>Custom item</label2>
		<icon>DefaultShortcut.png</icon>
		<thumb>special://profile/addon_data/script.skinshortcuts/skin.eminence.2-thumb-Zem.png</thumb>
		<action>ActivateWindow(Videos,&quot;plugin://plugin.video.ZemTV-shani/?url=Live&amp;mode=13&amp;name=Sports&quot;,return)</action>
	</shortcut>
</shortcuts>