<?xml version="1.0" encoding="utf-8"?><shortcuts>
	<shortcut>
		<defaultID/>
		<label>123Movies</label>
		<label2>Custom item</label2>
		<icon>DefaultShortcut.png</icon>
		<thumb>special://profile/addon_data/script.skinshortcuts/skin.eminence.2-thumb-123Movies.png</thumb>
		<action>ActivateWindow(Videos,&quot;plugin://plugin.video.md123movies/?url=url&amp;content=movies&amp;infolabels=%7B%7D&amp;mode=1&amp;name=%5BCOLOR+white%5D%5BB%5DMOVIES%5B%2FB%5D%5B%2FCOLOR%5D&quot;,return)</action>
	</shortcut>
	<shortcut>
		<defaultID/>
		<label>4K Movies</label>
		<label2>Custom item</label2>
		<icon>DefaultShortcut.png</icon>
		<thumb>special://profile/addon_data/script.skinshortcuts/skin.eminence.2-thumb-4K Movies.png</thumb>
		<action>ActivateWindow(Videos,&quot;plugin://plugin.video.sanctuary/?url=http%3A%2F%2Fsilentstream.srve.io%2Fsilenthunter%2Fmain%2F4k.xml&amp;mode=1101&amp;name=%5BCOLOR+white%5D4K%5B%2FCOLOR%5D&amp;fanart=http%3A%2F%2Fsilentstream.srve.io%2Fsilenthunter%2Fmain%2F4kbackground.jpg&quot;,return)</action>
	</shortcut>
	<shortcut>
		<defaultID/>
		<label>Cartoon HD</label>
		<label2>Custom item</label2>
		<icon>DefaultShortcut.png</icon>
		<thumb>special://profile/addon_data/script.skinshortcuts/skin.eminence.2-thumb-Cartoon HD.png</thumb>
		<action>ActivateWindow(Videos,&quot;plugin://plugin.video.cartoonhd&quot;,return)</action>
	</shortcut>
	<shortcut>
		<defaultID/>
		<label>Exodus</label>
		<label2>Custom item</label2>
		<icon>DefaultShortcut.png</icon>
		<thumb>special://profile/addon_data/script.skinshortcuts/skin.eminence.2-thumb-Exodus.png</thumb>
		<action>ActivateWindow(Videos,&quot;plugin://plugin.video.exodus/?action=movieNavigator&quot;,return)</action>
	</shortcut>
	<shortcut>
		<defaultID/>
		<label>HD Box</label>
		<label2>Custom item</label2>
		<icon>DefaultShortcut.png</icon>
		<thumb>special://profile/addon_data/script.skinshortcuts/skin.eminence.2-thumb-HD Box.png</thumb>
		<action>ActivateWindow(Videos,&quot;plugin://plugin.video.mdhdbox&quot;,return)</action>
	</shortcut>
	<shortcut>
		<defaultID/>
		<label>Movie Vault</label>
		<label2>Custom item</label2>
		<icon>DefaultShortcut.png</icon>
		<thumb>special://profile/addon_data/script.skinshortcuts/skin.eminence.2-thumb-Movie Vault.png</thumb>
		<action>ActivateWindow(Videos,&quot;plugin://plugin.video.mdmovievault&quot;,return)</action>
	</shortcut>
	<shortcut>
		<defaultID/>
		<label>Real Movies</label>
		<label2>Custom item</label2>
		<icon>DefaultShortcut.png</icon>
		<thumb>special://profile/addon_data/script.skinshortcuts/skin.eminence.2-thumb-Real Movies.png</thumb>
		<action>ActivateWindow(Videos,&quot;plugin://plugin.video.real-movies&quot;,return)</action>
	</shortcut>
	<shortcut>
		<defaultID/>
		<label>SALTS</label>
		<label2>Custom item</label2>
		<icon>DefaultShortcut.png</icon>
		<thumb>special://profile/addon_data/script.skinshortcuts/skin.eminence.2-thumb-SALTS.jpg</thumb>
		<action>ActivateWindow(Videos,&quot;plugin://plugin.video.salts/?section=Movies&amp;mode=browse&quot;,return)</action>
	</shortcut>
	<shortcut>
		<defaultID/>
		<label>Specto</label>
		<label2>Custom item</label2>
		<icon>DefaultShortcut.png</icon>
		<thumb>special://profile/addon_data/script.skinshortcuts/skin.eminence.2-thumb-Specto.png</thumb>
		<action>ActivateWindow(Videos,&quot;plugin://plugin.video.specto/?action=movieNavigator&quot;,return)</action>
	</shortcut>
	<shortcut>
		<defaultID/>
		<label>UK Turks</label>
		<label2>Custom item</label2>
		<icon>DefaultShortcut.png</icon>
		<thumb>special://profile/addon_data/script.skinshortcuts/skin.eminence.2-thumb-UK Turks.png</thumb>
		<action>ActivateWindow(Videos,&quot;plugin://plugin.video.ukturk/?url=http%3A%2F%2Fukturk.offshorepastebin.com%2FUKTurk%2Fmovies%2FIndex.txt&amp;mode=1&amp;name=Movies&amp;description=&amp;fanart=%2Fstorage%2Femulated%2F0%2FAndroid%2Fdata%2Forg.xbmc.kodi%2Ffiles%2F.kodi%2Faddons%2Fplugin.video.ukturk%2Ffanart.jpg&amp;iconimage=http%3A%2F%2Fukturk.offshorepastebin.com%2FUKTurk%2Fthumbs%2Fnew%2FUk%2520turk%2520thumbnails%2520movies1.jpg&quot;,return)</action>
	</shortcut>
</shortcuts>