<?xml version="1.0" encoding="utf-8"?><shortcuts>
	<shortcut>
		<defaultID/>
		<label>BAMF</label>
		<label2>Custom item</label2>
		<icon>DefaultShortcut.png</icon>
		<thumb>special://profile/addon_data/script.skinshortcuts/skin.eminence.2-thumb-BAMF.png</thumb>
		<action>ActivateWindow(Videos,&quot;plugin://plugin.video.sanctuary/?url=http%3A%2F%2Fgenietvcunts.co.uk%2Fbamffff%2Fbamftv.m3u&amp;mode=1101&amp;name=%5BCOLORgreen%5D%5BB%5DBAMF+TV%5B%2FB%5D%5B%2FCOLOR%5D&amp;fanart=C%3A%5CUsers%5CTony%5CAppData%5CRoaming%5CKodi%5Caddons%5Cplugin.video.sanctuary%5Cfanart.jpg&quot;,return)</action>
	</shortcut>
	<shortcut>
		<defaultID/>
		<label>cCloud</label>
		<label2>Custom item</label2>
		<icon>DefaultShortcut.png</icon>
		<thumb>special://profile/addon_data/script.skinshortcuts/skin.eminence.2-thumb-cCloud.png</thumb>
		<action>ActivateWindow(Videos,&quot;plugin://plugin.video.ccloudtv/?url=english&amp;mode=62&amp;name=%5BCOLOR+white%5D%5BB%5DEnglish%5B%2FB%5D%5B%2FCOLOR%5D&amp;iconimage=C%3A%5CUsers%5CTony%5CAppData%5CRoaming%5CKodi%5Caddons%5Cplugin.video.ccloudtv%5Cresources%2Ficons%2F%2Fenglish.png&quot;,return)</action>
	</shortcut>
	<shortcut>
		<defaultID/>
		<label>Freeview</label>
		<label2>Custom item</label2>
		<icon>DefaultShortcut.png</icon>
		<thumb>special://profile/addon_data/script.skinshortcuts/skin.eminence.2-thumb-Freeview.png</thumb>
		<action>ActivateWindow(Videos,&quot;plugin://plugin.video.sanctuary/?url=&amp;mode=1200&amp;name=FreeView+-+%5BCOLORred%5DVPN+required+if+you+are+outside+UK%5B%2FCOLOR%5D&amp;iconimage=http%3A%2F%2Fherovision.x10host.com%2Ffreeview%2Ffreeview.png&amp;fanart=C%3A%5CUsers%5CTony%5CAppData%5CRoaming%5CKodi%5Caddons%5Cplugin.video.sanctuary%5Cfanart.jpg&amp;description=&amp;extra=&quot;,return)</action>
	</shortcut>
	<shortcut>
		<defaultID/>
		<label>Fido</label>
		<label2>Custom item</label2>
		<icon>DefaultShortcut.png</icon>
		<thumb>special://profile/addon_data/script.skinshortcuts/skin.eminence.2-thumb-Fido.png</thumb>
		<action>ActivateWindow(Videos,&quot;plugin://plugin.video.sanctuary/?url=http%3A%2F%2Ffantazyrepo.uk%2Faddonimages%2Ffido.addon%2FLivetv%2Fuk.xml&amp;mode=1101&amp;name=UK&amp;fanart=http%3A%2F%2Ffantazyrepo.uk%2Faddonimages%2Flivetv%2FLiveTV.jpg&quot;,return)</action>
	</shortcut>
	<shortcut>
		<defaultID/>
		<label>Film OnTV</label>
		<label2>Custom item</label2>
		<icon>DefaultShortcut.png</icon>
		<thumb>special://profile/addon_data/script.skinshortcuts/skin.eminence.2-thumb-Film OnTV.png</thumb>
		<action>ActivateWindow(Videos,&quot;plugin://plugin.video.F.T.V/?url=5&amp;mode=123&amp;name=UK+LIVE+TV&amp;ch_fanart=uk-live-tv&amp;description=14,3683,1309,3698,4100,4154,4307,2798,27,3227,3166,361,25,1666,103,11,1817,67,1820,26,1823,101,1826,3211,2,65,97,22,851,845,372,1039,371,1808,1811,1805,1952,3707,1711,2696&quot;,return)</action>
	</shortcut>
	<shortcut>
		<defaultID/>
		<label>Maverick</label>
		<label2>Custom item</label2>
		<icon>DefaultShortcut.png</icon>
		<thumb>special://profile/addon_data/script.skinshortcuts/skin.eminence.2-thumb-Maverick.png</thumb>
		<action>ActivateWindow(Videos,&quot;plugin://plugin.video.MaverickTV/?url=http%3A%2F%2F164.132.106.213%2Fdata%2Flivetv%2Fiptv.xml&amp;mode=1&amp;name=%5BCOLOR+lime%5D%5BB%5DUK+IPTV-Sky%5B%2FB%5D%5B%2FCOLOR%5D&amp;fanart=http%3A%2F%2Fwww.artsfon.com%2Fpic%2F201412%2F1920x1080%2Fartsfon.com-37708.jpg&quot;,return)</action>
	</shortcut>
	<shortcut>
		<defaultID/>
		<label>Oblivion</label>
		<label2>Custom item</label2>
		<icon>DefaultShortcut.png</icon>
		<thumb>special://profile/addon_data/script.skinshortcuts/skin.eminence.2-thumb-Oblivion.png</thumb>
		<action>ActivateWindow(Videos,&quot;plugin://plugin.video.sanctuary/?url=http%3A%2F%2Fpastebin.com%2Fraw%2FfdpfhagD&amp;mode=1101&amp;name=%5BCOLORgreen%5D%5BB%5DON+LINE%5B%2FB%5D%5B%2FCOLOR%5D%5BCOLORdeepskyblue%5D%5BB%5D+Oblivion+TV%5B%2FB%5D%5B%2FCOLOR%5D&amp;fanart=%2Fstorage%2Femulated%2F0%2FAndroid%2Fdata%2Forg.xbmc.kodi%2Ffiles%2F.kodi%2Faddons%2Fplugin.video.sanctuary%2Ffanart.jpg&quot;,return)</action>
	</shortcut>
	<shortcut>
		<defaultID/>
		<label>Origin</label>
		<label2>Custom item</label2>
		<icon>DefaultShortcut.png</icon>
		<thumb>special://profile/addon_data/script.skinshortcuts/skin.eminence.2-thumb-Origin.png</thumb>
		<action>ActivateWindow(Videos,&quot;plugin://plugin.video.sanctuary/?url=http%3A%2F%2Fwww.shadow-net.org%2Fcategories%2FUK-Channels%2F&amp;mode=21&amp;name=UK+Channels&amp;iconimage=C%3A%5CUsers%5CTony%5CAppData%5CRoaming%5CKodi%5Caddons%5Cplugin.video.sanctuary%5Cicon.png&amp;fanart=C%3A%5CUsers%5CTony%5CAppData%5CRoaming%5CKodi%5Caddons%5Cplugin.video.sanctuary%5Cfanart.jpg&amp;description=&amp;extra=&quot;,return)</action>
	</shortcut>
	<shortcut>
		<defaultID/>
		<label>Sanctuary</label>
		<label2>Custom item</label2>
		<icon>DefaultShortcut.png</icon>
		<thumb>special://profile/addon_data/script.skinshortcuts/skin.eminence.2-thumb-Sanctuary.png</thumb>
		<action>ActivateWindow(Videos,&quot;plugin://plugin.video.sanctuary/?url=http%3A%2F%2Ftombraiderbuilds.co.uk%2Faddon%2Fukentertainment%2Ffilmon.txt&amp;mode=1101&amp;name=%5BB%5D%5BCOLORblue%5DUK+IPTV%5B%2FCOLOR%5D%5B%2FB%5D&amp;fanart=%2Fstorage%2Femulated%2F0%2FAndroid%2Fdata%2Forg.xbmc.kodi%2Ffiles%2F.kodi%2Faddons%2Fplugin.video.sanctuary%2Ffanart.jpg&quot;,return)</action>
	</shortcut>
	<shortcut>
		<defaultID/>
		<label>Supremacy</label>
		<label2>Custom item</label2>
		<icon>DefaultShortcut.png</icon>
		<thumb>special://profile/addon_data/script.skinshortcuts/skin.eminence.2-thumb-Supremacy.png</thumb>
		<action>ActivateWindow(Videos,&quot;plugin://plugin.video.supremacy/?url=http%3A%2F%2Fstephen-builds.uk%2Fsupremacy%2FLiveTV%2Flive.txt&amp;mode=1&amp;name=%5BCOLOR+red%5DLive+Tv%5B%2FCOLOR%5D&amp;fanart=http%3A%2F%2Fwww.stephen-builds.co.uk%2Fwizard%2Ffanart12.jpg&quot;,return)</action>
	</shortcut>
	<shortcut>
		<defaultID/>
		<label>Ultra IPTV</label>
		<label2>Custom item</label2>
		<icon>DefaultShortcut.png</icon>
		<thumb>special://profile/addon_data/script.skinshortcuts/skin.eminence.2-thumb-Ultra IPTV.png</thumb>
		<action>ActivateWindow(Videos,&quot;plugin://plugin.video.sanctuary/?url=http%3A%2F%2Fultratv.net16.net%2Fiptvserver%2Fukiptv1.xml&amp;mode=1101&amp;name=%5BCOLOR+lightblue%5D%5BB%5DUnited+Kingdom%5B%2FB%5D%5B%2FCOLOR%5D&amp;fanart=https%3A%2F%2Fwww.dropbox.com%2Fs%2Fdkkxw4mith082qa%2FWallpaper.jpg%3Fdl%3D1&quot;,return)</action>
	</shortcut>
	<shortcut>
		<defaultID/>
		<label>UK Turks</label>
		<label2>Custom item</label2>
		<icon>DefaultShortcut.png</icon>
		<thumb>special://profile/addon_data/script.skinshortcuts/skin.eminence.2-thumb-UK Turks.png</thumb>
		<action>ActivateWindow(Videos,&quot;plugin://plugin.video.ukturk/?url=http%3A%2F%2Fukturk.offshorepastebin.com%2FUKTurk%2FLive%2520TV.txt&amp;mode=1&amp;name=Live+TV&amp;description=&amp;fanart=C%3A%5CUsers%5CTony%5CAppData%5CRoaming%5CKodi%5Caddons%5Cplugin.video.ukturk%5Cfanart.jpg&amp;iconimage=http%3A%2F%2Fukturk.offshorepastebin.com%2FUKTurk%2Fthumbs%2Fnew%2FUk%2520turk%2520thumbnails%2520live%2520tv.jpg&quot;,return)</action>
	</shortcut>
	<shortcut>
		<defaultID/>
		<label>UKTV Guide</label>
		<label2>Custom item</label2>
		<icon>DefaultShortcut.png</icon>
		<thumb>special://profile/addon_data/script.skinshortcuts/skin.eminence.2-thumb-UKTV Guide.png</thumb>
		<action>RunAddOn(plugin.program.echotvguide)</action>
	</shortcut>
</shortcuts>