<?xml version="1.0" encoding="utf-8"?><shortcuts>
	<shortcut>
		<defaultID/>
		<label>123Series</label>
		<label2>Custom item</label2>
		<icon>DefaultShortcut.png</icon>
		<thumb>special://profile/addon_data/script.skinshortcuts/skin.eminence.2-thumb-123Series.png</thumb>
		<action>ActivateWindow(Videos,&quot;plugin://plugin.video.md123movies/?url=url&amp;content=tvshows&amp;infolabels=%7B%7D&amp;mode=1&amp;name=%5BCOLOR+white%5D%5BB%5DTV+SHOWS%5B%2FB%5D%5B%2FCOLOR%5D&quot;,return)</action>
	</shortcut>
	<shortcut>
		<defaultID/>
		<label>Exodus</label>
		<label2>Custom item</label2>
		<icon>DefaultShortcut.png</icon>
		<thumb>special://profile/addon_data/script.skinshortcuts/skin.eminence.2-thumb-Exodus.png</thumb>
		<action>ActivateWindow(Videos,&quot;plugin://plugin.video.exodus/?action=tvNavigator&quot;,return)</action>
	</shortcut>
	<shortcut>
		<defaultID/>
		<label>SALTS</label>
		<label2>Custom item</label2>
		<icon>DefaultShortcut.png</icon>
		<thumb>special://profile/addon_data/script.skinshortcuts/skin.eminence.2-thumb-SALTS.png</thumb>
		<action>ActivateWindow(Videos,&quot;plugin://plugin.video.salts/?section=TV&amp;mode=browse&quot;,return)</action>
	</shortcut>
	<shortcut>
		<defaultID/>
		<label>Specto</label>
		<label2>Custom item</label2>
		<icon>DefaultShortcut.png</icon>
		<thumb>special://profile/addon_data/script.skinshortcuts/skin.eminence.2-thumb-Specto.png</thumb>
		<action>ActivateWindow(Videos,&quot;plugin://plugin.video.specto/?action=tvNavigator&quot;,return)</action>
	</shortcut>
	<shortcut>
		<defaultID/>
		<label>UK Turks</label>
		<label2>Custom item</label2>
		<icon>DefaultShortcut.png</icon>
		<thumb>special://profile/addon_data/script.skinshortcuts/skin.eminence.2-thumb-UK Turks.png</thumb>
		<action>ActivateWindow(Videos,&quot;plugin://plugin.video.ukturk/?url=http%3A%2F%2Fukturk.offshorepastebin.com%2FUKTurk%2Ftv+shows%2FIndex.txt&amp;mode=1&amp;name=TV+Shows&amp;description=&amp;fanart=%2Fstorage%2Femulated%2F0%2FAndroid%2Fdata%2Forg.xbmc.kodi%2Ffiles%2F.kodi%2Faddons%2Fplugin.video.ukturk%2Ffanart.jpg&amp;iconimage=http%3A%2F%2Fukturk.offshorepastebin.com%2FUKTurk%2Fthumbs%2Fnew%2FUk%2520turk%2520thumbnails%2520tv%2520shows.jpg&quot;,return)</action>
	</shortcut>
</shortcuts>