<?xml version="1.0" encoding="utf-8"?><shortcuts>
	<shortcut>
		<defaultID/>
		<label>House Mixes</label>
		<label2>Custom item</label2>
		<icon>DefaultShortcut.png</icon>
		<thumb>special://profile/addon_data/script.skinshortcuts/skin.eminence.2-thumb-House Mixes.png</thumb>
		<action>ActivateWindow(Music,&quot;plugin://plugin.audio.housemixes&quot;,return)</action>
	</shortcut>
	<shortcut>
		<defaultID/>
		<label>MP3 Streams</label>
		<label2>Custom item</label2>
		<icon>DefaultShortcut.png</icon>
		<thumb>special://profile/addon_data/script.skinshortcuts/skin.eminence.2-thumb-MP3 Streams.png</thumb>
		<action>ActivateWindow(Music,&quot;plugin://plugin.audio.mp3streams&quot;,return)</action>
	</shortcut>
	<shortcut>
		<defaultID/>
		<label>Mixcloud</label>
		<label2>Custom item</label2>
		<icon>DefaultShortcut.png</icon>
		<thumb>special://profile/addon_data/script.skinshortcuts/skin.eminence.2-thumb-Mixcloud.png</thumb>
		<action>ActivateWindow(Music,&quot;plugin://plugin.audio.mixcloud&quot;,return)</action>
	</shortcut>
	<shortcut>
		<defaultID/>
		<label>Radio</label>
		<label2>Custom item</label2>
		<icon>special://skin/extras/icons/radio.png</icon>
		<thumb>special://profile/addon_data/script.skinshortcuts/skin.eminence.2-thumb-Radio.png</thumb>
		<action>ActivateWindow(Music,&quot;plugin://plugin.audio.radio_de/stations/country/United+Kingdom/&quot;,return)</action>
	</shortcut>
	<shortcut>
		<defaultID/>
		<label>Soundcloud</label>
		<label2>Custom item</label2>
		<icon>DefaultShortcut.png</icon>
		<thumb>special://profile/addon_data/script.skinshortcuts/skin.eminence.2-thumb-Soundcloud.png</thumb>
		<action>ActivateWindow(Music,&quot;plugin://plugin.audio.soundcloud/explore/&quot;,return)</action>
	</shortcut>
</shortcuts>