<?xml version="1.0" encoding="utf-8"?><shortcuts>
	<shortcut>
		<defaultID/>
		<label>Settings</label>
		<label2>Custom item</label2>
		<icon>special://skin/extras/icons/settings.png</icon>
		<thumb>special://profile/addon_data/script.skinshortcuts/skin.eminence.2-thumb-Settings.png</thumb>
		<action>ActivateWindow(Settings)</action>
	</shortcut>
	<shortcut>
		<defaultID/>
		<label>Program Addons</label>
		<label2>Custom item</label2>
		<icon>DefaultShortcut.png</icon>
		<thumb>special://profile/addon_data/script.skinshortcuts/skin.eminence.2-thumb-Program Addons.png</thumb>
		<action>ActivateWindow(Programs,Addons,return)</action>
	</shortcut>
	<shortcut>
		<defaultID/>
		<label>Video Addons</label>
		<label2>Custom item</label2>
		<icon>DefaultShortcut.png</icon>
		<thumb>special://profile/addon_data/script.skinshortcuts/skin.eminence.2-thumb-Video Addons.png</thumb>
		<action>ActivateWindow(Video,Addons,return)</action>
	</shortcut>
	<shortcut>
		<defaultID/>
		<label>File Manager</label>
		<label2>Custom item</label2>
		<icon>DefaultShortcut.png</icon>
		<thumb>special://profile/addon_data/script.skinshortcuts/skin.eminence.2-thumb-File Manager.png</thumb>
		<action>ActivateWindow(FileManager)</action>
	</shortcut>
	<shortcut>
		<defaultID/>
		<label>Maintenance</label>
		<label2>Custom item</label2>
		<icon>DefaultShortcut.png</icon>
		<thumb>special://profile/addon_data/script.skinshortcuts/skin.eminence.2-thumb-Maintenance.png</thumb>
		<action>ActivateWindow(Programs,&quot;plugin://plugin.program.echowizard/?url=http%3A%2F%2Fechocoder.com%2F&amp;mode=5&amp;name=%5BCOLOR+ghostwhite%5D%5BB%5DMAINTENANCE+TOOLS%5B%2FCOLOR%5D%5B%2FB%5D&amp;iconimage=%2Fstorage%2Femulated%2F0%2FAndroid%2Fdata%2Forg.xbmc.kodi%2Ffiles%2F.kodi%2Faddons%2Fplugin.program.echowizard%2Ficon.png&amp;fanart=%2Fstorage%2Femulated%2F0%2FAndroid%2Fdata%2Forg.xbmc.kodi%2Ffiles%2F.kodi%2Faddons%2Fplugin.program.echowizard%2Ffanart.jpg&amp;description=&quot;,return)</action>
	</shortcut>
	<shortcut>
		<defaultID/>
		<label>ES Explorer</label>
		<label2>Custom item</label2>
		<icon>DefaultShortcut.png</icon>
		<thumb>special://profile/addon_data/script.skinshortcuts/skin.eminence.2-thumb-ES Explorer.png</thumb>
		<action>ActivateWindow(Programs,&quot;plugin://plugin.program.super.favourites/?label=ES+File+Explorer&amp;mode=650&amp;cmd=StartAndroidActivity%28%22com.estrongs.android.pop%22%29&amp;image=androidapp%3A%2F%2Fsources%2Fapps%2Fcom.estrongs.android.pop.png&quot;,return)</action>
	</shortcut>
	<shortcut>
		<defaultID/>
		<label>Reload Skin</label>
		<label2>Custom item</label2>
		<icon>DefaultShortcut.png</icon>
		<thumb>special://profile/addon_data/script.skinshortcuts/skin.eminence.2-thumb-Reload Skin.png</thumb>
		<action>reloadskin()</action>
	</shortcut>
	<shortcut>
		<defaultID/>
		<label>Quit</label>
		<label2>Custom item</label2>
		<icon>DefaultShortcut.png</icon>
		<thumb>special://profile/addon_data/script.skinshortcuts/skin.eminence.2-thumb-Quit.png</thumb>
		<action>Quit</action>
	</shortcut>
</shortcuts>