<favourites>
	<favourite name="Android apps" thumb="special://home/addons/skin.eminence.2-Jarvis/extras/icons/App Drawer.png">ActivateWindow(10001,&quot;androidapp://sources/apps/&quot;,return)</favourite>
	<favourite name="YouTube" thumb="androidapp://sources/apps/com.google.android.youtube.png">StartAndroidActivity(&quot;com.google.android.youtube&quot;)</favourite>
	<favourite name="Show Box" thumb="androidapp://sources/apps/com.tdo.showbox.png">StartAndroidActivity(&quot;com.tdo.showbox&quot;)</favourite>
	<favourite name="Mobdro" thumb="androidapp://sources/apps/com.mobdro.android.png">StartAndroidActivity(&quot;com.mobdro.android&quot;)</favourite>
	<favourite name="CyberGhost 6" thumb="androidapp://sources/apps/de.mobileconcepts.cyberghost.png">StartAndroidActivity(&quot;de.mobileconcepts.cyberghost&quot;)</favourite>
	<favourite name="ES File Explorer" thumb="androidapp://sources/apps/com.estrongs.android.pop.png">StartAndroidActivity(&quot;com.estrongs.android.pop&quot;)</favourite>
	<favourite name="Chrome" thumb="androidapp://sources/apps/com.android.chrome.png">StartAndroidActivity(&quot;com.android.chrome&quot;)</favourite>
</favourites>