<favourites>
	<favourite name="BBC Radio 1" thumb="http://static.rad.io/images/broadcasts/38/81/3243/1/t100.png">PlayMedia(&quot;plugin://plugin.audio.radio_de/station/3243?sf_options=winID%3D10502%26_options_sf&quot;)</favourite>
	<favourite name="BBC Radio 1Xtra" thumb="http://static.rad.io/images/broadcasts/43/c5/11929/t100.png">PlayMedia(&quot;plugin://plugin.audio.radio_de/station/11929?sf_options=winID%3D10502%26_options_sf&quot;)</favourite>
	<favourite name="BBC Radio 2" thumb="http://static.rad.io/images/broadcasts/88/e1/3244/t100.png">PlayMedia(&quot;plugin://plugin.audio.radio_de/station/3244?sf_options=winID%3D10502%26_options_sf&quot;)</favourite>
	<favourite name="talkSPORT" thumb="http://static.rad.io/images/broadcasts/1e/3b/3252/t100.png">PlayMedia(&quot;plugin://plugin.audio.radio_de/station/3252?sf_options=winID%3D10502%26_options_sf&quot;)</favourite>
	<favourite name="talkSPORT 2" thumb="http://static.rad.io/images/broadcasts/c9/f5/39311/3/t100.png">PlayMedia(&quot;plugin://plugin.audio.radio_de/station/39311?sf_options=winID%3D10502%26_options_sf&quot;)</favourite>
	<favourite name="100 DJAY" thumb="http://static.rad.io/images/broadcasts/fa/a3/26660/t100.png">PlayMedia(&quot;plugin://plugin.audio.radio_de/station/26660?sf_options=winID%3D10502%26desc%3DDuke+Dumont+-+I+Got+U+%28feat.+Jax+Jones%29%26_options_sf&quot;)</favourite>
</favourites>