<favourites>
	<favourite name="[B][COLOR red]M[/COLOR][COLOR white]ovies[/COLOR][/B] Goliath Evolve" thumb="http://www.matsbuilds.co.uk/pics/goliath/icons/movies.png">ActivateWindow(10025,&quot;plugin://plugin.video.Evolve/?description&amp;fanart=http%3a%2f%2fwww.matsbuilds.co.uk%2fpics%2fevolve%2ffanart.jpg&amp;mode=1&amp;name=%5bB%5d%5bCOLOR%20red%5dM%5b%2fCOLOR%5d%5bCOLOR%20white%5dovies%5b%2fCOLOR%5d%5b%2fB%5d&amp;url=http%3a%2f%2fwww.matsbuilds.co.uk%2fGoliathLists%2fmovies.xml&amp;sf_options=fanart%3Dhttp%3A%2F%2Fwww.matsbuilds.co.uk%2Fpics%2Fevolve%2Ffanart.jpg%26_options_sf&quot;,return)</favourite>
	<favourite name="[B][COLOR red]HD[/COLOR] [COLOR white] MOVIEZONE[/COLOR][/B]" thumb="http://2.bp.blogspot.com/-yBgAZggXR7M/UO7g6pio1-I/AAAAAAAAAKY/7N4_RWv2wZI/s1600/Instution+Moodboard.png">ActivateWindow(10025,&quot;plugin://plugin.video.Evolve/?description&amp;fanart=http%3a%2f%2f2.bp.blogspot.com%2f-yBgAZggXR7M%2fUO7g6pio1-I%2fAAAAAAAAAKY%2f7N4_RWv2wZI%2fs1600%2fInstution%2bMoodboard.png&amp;mode=1&amp;name=%5bB%5d%5bCOLOR%20red%5dHD%5b%2fCOLOR%5d%20%5bCOLOR%20white%5d%20MOVIEZONE%5b%2fCOLOR%5d%5b%2fB%5d%20&amp;url=http%3a%2f%2fmatsbuilds.co.uk%2frambo%2fEVOLVE%2fMENUS%2fMOVIEZONE.xml&amp;sf_options=fanart%3Dhttp%3A%2F%2F2.bp.blogspot.com%2F-yBgAZggXR7M%2FUO7g6pio1-I%2FAAAAAAAAAKY%2F7N4_RWv2wZI%2Fs1600%2FInstution%2BMoodboard.png%26_options_sf&quot;,return)</favourite>
	<favourite name="[B]Movies[/B]" thumb="http://i.imgur.com/LoRTpTg.png">ActivateWindow(10025,&quot;plugin://plugin.video.Evolve/?description&amp;fanart=http%3a%2f%2fi.imgur.com%2fOgd1Uxf.png&amp;mode=1&amp;name=%5bB%5dMovies%5b%2fB%5d&amp;url=http%3a%2f%2fpastebin.com%2fraw%2fxHNXUKwk&amp;sf_options=fanart%3Dhttp%3A%2F%2Fi.imgur.com%2FOgd1Uxf.png%26_options_sf&quot;,return)</favourite>
	<favourite name="[B][COLOR red]-=-[/COLOR][COLOR white] H D   M O V I E S[/COLOR][COLOR red]-=-[/COLOR][/B]" thumb="http://jazzingupyourlifestyle.weebly.com/uploads/3/8/3/8/38387601/8644137_orig.jpg">ActivateWindow(10025,&quot;plugin://plugin.video.Evolve/?description&amp;fanart=http%3a%2f%2fmedia-passion.fr%2faddons%2fFiles%2fscript.artwork.downloader.mp%2ffanart.jpg&amp;mode=1&amp;name=%5bB%5d%5bCOLOR%20red%5d-%3d-%5b%2fCOLOR%5d%5bCOLOR%20white%5d%20H%20D%20%20%20M%20O%20V%20I%20E%20S%5b%2fCOLOR%5d%5bCOLOR%20red%5d-%3d-%5b%2fCOLOR%5d%5b%2fB%5d&amp;url=http%3a%2f%2fg10.x10host.com%2fevolve%2fhd.xml&amp;sf_options=fanart%3Dhttp%3A%2F%2Fmedia-passion.fr%2Faddons%2FFiles%2Fscript.artwork.downloader.mp%2Ffanart.jpg%26_options_sf&quot;,return)</favourite>
	<favourite name="[COLOR white]Screeners[/COLOR]" thumb="https://archive.org/download/screeners/screeners.png">ActivateWindow(10025,&quot;plugin://plugin.video.sanctuary/?fanart=http%3a%2f%2fsilentstream.srve.io%2fsilenthunter%2fmain%2fnew%2520releases.jpg&amp;mode=1101&amp;name=%5bCOLOR%20white%5dScreeners%5b%2fCOLOR%5d&amp;url=http%3a%2f%2fsilentstream.srve.io%2fsilenthunter%2fmain%2fscreeners.xml&amp;sf_options=fanart%3Dhttp%3A%2F%2Fsilentstream.srve.io%2Fsilenthunter%2Fmain%2Fnew%2520releases.jpg%26desc%3D+%26_options_sf&quot;,return)</favourite>
	<favourite name="[COLOR white]2016[/COLOR]" thumb="https://archive.org/download/2016Movies/2016%20movies.png">ActivateWindow(10025,&quot;plugin://plugin.video.sanctuary/?fanart&amp;mode=1101&amp;name=%5bCOLOR%20white%5d2016%5b%2fCOLOR%5d&amp;url=http%3a%2f%2fsilentstream.srve.io%2fsilenthunter%2fmain%2f2016.xml&amp;sf_options=desc%3D+%26_options_sf&quot;,return)</favourite>
	<favourite name="[COLOR white]4K[/COLOR]" thumb="https://archive.org/download/mammothbuild_gmail_4k/4k.png">ActivateWindow(10025,&quot;plugin://plugin.video.sanctuary/?fanart=http%3a%2f%2fsilentstream.srve.io%2fsilenthunter%2fmain%2f4kbackground.jpg&amp;mode=1101&amp;name=%5bCOLOR%20white%5d4K%5b%2fCOLOR%5d&amp;url=http%3a%2f%2fsilentstream.srve.io%2fsilenthunter%2fmain%2f4k.xml&amp;sf_options=fanart%3Dhttp%3A%2F%2Fsilentstream.srve.io%2Fsilenthunter%2Fmain%2F4kbackground.jpg%26desc%3D+%26_options_sf&quot;,return)</favourite>
</favourites>