<favourites>
	<favourite name="[B][COLOR red]E[/COLOR][COLOR white]volve[/COLOR]  [COLOR red]S[/COLOR][COLOR white]ports[/COLOR][/B]" thumb="http://www.matsbuilds.co.uk/pics/evolve/evolvesportsicon.jpg">ActivateWindow(10025,&quot;plugin://plugin.video.Evolve/?description&amp;fanart=http%3a%2f%2fwww.matsbuilds.co.uk%2fpics%2fevolve%2ffanart.jpg&amp;mode=1&amp;name=%5bB%5d%5bCOLOR%20red%5dE%5b%2fCOLOR%5d%5bCOLOR%20white%5dvolve%5b%2fCOLOR%5d%20%20%5bCOLOR%20red%5dS%5b%2fCOLOR%5d%5bCOLOR%20white%5dports%5b%2fCOLOR%5d%5b%2fB%5d&amp;url=http%3a%2f%2fwww.matsbuilds.co.uk%2fabe%2fevolve_main.xml&amp;sf_options=fanart%3Dhttp%3A%2F%2Fwww.matsbuilds.co.uk%2Fpics%2Fevolve%2Ffanart.jpg%26_options_sf&quot;,return)</favourite>
	<favourite name="[B][COLOR red]S[/COLOR][COLOR white]ports[/COLOR][/B] Goliath Evolve" thumb="http://www.matsbuilds.co.uk/pics/goliath/icons/sports.png">ActivateWindow(10025,&quot;plugin://plugin.video.Evolve/?description&amp;fanart=http%3a%2f%2fwww.matsbuilds.co.uk%2fpics%2fevolve%2ffanart.jpg&amp;mode=1&amp;name=%5bB%5d%5bCOLOR%20red%5dS%5b%2fCOLOR%5d%5bCOLOR%20white%5dports%5b%2fCOLOR%5d%5b%2fB%5d&amp;url=http%3a%2f%2fwww.matsbuilds.co.uk%2fGoliathLists%2fLivesports1.xml&amp;sf_options=fanart%3Dhttp%3A%2F%2Fwww.matsbuilds.co.uk%2Fpics%2Fevolve%2Ffanart.jpg%26_options_sf&quot;,return)</favourite>
	<favourite name="[B][COLOR red]ULTIMATE [/COLOR]  [COLOR white]FIGHTING  [/COLOR][COLOR red]CHAMPIONSHIP[/COLOR][/B]" thumb="http://mmavideoshub.com/wp-content/uploads/2015/01/ufc-logo.jpg">ActivateWindow(10025,&quot;plugin://plugin.video.Evolve/?description&amp;fanart=http%3a%2f%2fwallpaper.zone%2fthumb%2f1099972.jpg&amp;mode=1&amp;name=%5bB%5d%5bCOLOR%20red%5dULTIMATE%20%5b%2fCOLOR%5d%20%20%5bCOLOR%20white%5dFIGHTING%20%20%5b%2fCOLOR%5d%5bCOLOR%20red%5dCHAMPIONSHIP%5b%2fCOLOR%5d%5b%2fB%5d%20&amp;url=http%3a%2f%2fmatsbuilds.co.uk%2frambo%2fEVOLVE%2fMENUS%2fUFC.xml&amp;sf_options=fanart%3Dhttp%3A%2F%2Fwallpaper.zone%2Fthumb%2F1099972.jpg%26_options_sf&quot;,return)</favourite>
	<favourite name="[B][COLOR red]MATCH OF[/COLOR] [COLOR white]THE DAY[/COLOR][/B]" thumb="http://6b6acc6b44fa1203862b-7933f08d05c17d6528ca95257fccd7d9.r33.cf3.rackcdn.com/53904303c20c8-match-of-the-day.l.m.jpg">ActivateWindow(10025,&quot;plugin://plugin.video.Evolve/?description&amp;fanart=http%3a%2f%2fwww.watchonlinematch.com%2fwp-content%2fuploads%2f2015%2f08%2fMatch-of-the-Day-MOTD-29815-Watch-Online-Free-01.png&amp;mode=1&amp;name=%5bB%5d%5bCOLOR%20red%5dMATCH%20OF%5b%2fCOLOR%5d%20%5bCOLOR%20white%5dTHE%20DAY%5b%2fCOLOR%5d%5b%2fB%5d%20&amp;url=http%3a%2f%2fmatsbuilds.co.uk%2frambo%2fEVOLVE%2fSECRET%2fMOTD.xml&amp;sf_options=fanart%3Dhttp%3A%2F%2Fwww.watchonlinematch.com%2Fwp-content%2Fuploads%2F2015%2F08%2FMatch-of-the-Day-MOTD-29815-Watch-Online-Free-01.png%26_options_sf&quot;,return)</favourite>
	<favourite name="[B]Sports &amp; Live[/B]" thumb="http://i.imgur.com/Cy9ezHZ.png">ActivateWindow(10025,&quot;plugin://plugin.video.Evolve/?description&amp;fanart=http%3a%2f%2fi.imgur.com%2fOgd1Uxf.png&amp;mode=1&amp;name=%5bB%5dSports%20%26%20Live%5b%2fB%5d&amp;url=http%3a%2f%2fpastebin.com%2fraw%2fBVqREDJQ&amp;sf_options=fanart%3Dhttp%3A%2F%2Fi.imgur.com%2FOgd1Uxf.png%26_options_sf&quot;,return)</favourite>
	<favourite name="[B]Motorsport Replays[/B]" thumb="http://i.imgur.com/FHvXaSj.png">ActivateWindow(10025,&quot;plugin://plugin.video.Evolve/?description&amp;fanart=http%3a%2f%2fi.imgur.com%2fOgd1Uxf.png&amp;mode=1&amp;name=%5bB%5dMotorsport%20Replays%5b%2fB%5d&amp;url=http%3a%2f%2fpastebin.com%2fraw%2fapXhsxuy&amp;sf_options=fanart%3Dhttp%3A%2F%2Fi.imgur.com%2FOgd1Uxf.png%26_options_sf&quot;,return)</favourite>
	<favourite name="[B][COLOR red]H[/COLOR][COLOR white]ank[/COLOR][/B]" thumb="http://www.matsbuilds.co.uk/pics/evolve/hank.jpg">ActivateWindow(10025,&quot;plugin://plugin.video.Evolve/?description&amp;fanart=http%3a%2f%2fwww.matsbuilds.co.uk%2fpics%2fevolve%2ffanart.jpg&amp;mode=1&amp;name=%5bB%5d%5bCOLOR%20red%5dH%5b%2fCOLOR%5d%5bCOLOR%20white%5dank%5b%2fCOLOR%5d%5b%2fB%5d&amp;url=http%3a%2f%2fwww.matsbuilds.co.uk%2fhank%2fhankmenu.xml&amp;sf_options=fanart%3Dhttp%3A%2F%2Fwww.matsbuilds.co.uk%2Fpics%2Fevolve%2Ffanart.jpg%26_options_sf&quot;,return)</favourite>
	<favourite name="streamhd.eu" thumb="special://home/addons/plugin.video.castaway/resources/media/streamhd.png">ActivateWindow(10025,&quot;plugin://plugin.video.castaway/?mode=open_live_tv&amp;site=streamhd&amp;sf_options=fanart%3Dspecial%3A%2F%2Fhome%2Faddons%2Fplugin.video.castaway%2Ffanart.jpg%26_options_sf&quot;,return)</favourite>
</favourites>